model,params_m,flops_g,cpu_model_size_kb,rknn_model_size_kb,cpu_latency_ms,cpu_throughput,npu_latency_batch_ms,npu_latency_sample_ms,npu_throughput,npu_accuracy,speedup,npu_load_mean,npu_load_max,memory_baseline_mb,memory_peak_mb,memory_delta_mb
weight_fp32.rknn,0.124497,0.031049,494.542969,909.101562,12.407458,80.596688,3.210934,0.200683,4982.973281,0.66,61.82603,36.3367|0.0000|0.0000,49.0000|0.0000|0.0000,488.800781,496.402344,7.601562
weight_fp16.rknn,,,,909.101562,,,3.308511,0.206782,4836.012586,0.66,,36.9942|0.0000|0.0000,48.0000|0.0000|0.0000,573.25,578.5625,5.3125
weight_int8.rknn,0.123782,0.031048,491.75,735.376953,15.977911,62.586406,2.722341,0.170146,5877.294779,0.657455,93.906891,33.4287|0.0000|0.0000,48.0000|0.0000|0.0000,574.070312,574.984375,0.914062
