model,params_m,flops_g,model_size_kb,cpu_latency_ms,cpu_throughput,npu_latency_batch_ms,npu_latency_sample_ms,npu_throughput,npu_accuracy,speedup,npu_load_mean,npu_load_max,memory_mb
weight_fp32.rknn,0.124497,0.031049,494.542969,11.564138,86.474239,51.345598,0.401429,2491.099162,0.644364,28.807413,3.5203|0.0000|0.0000,4.0000|0.0000|0.0000,571.953125
weight_fp16.rknn,0.124497,0.031049,494.542969,11.564138,86.474239,27.377651,0.214043,4671.948519,0.644364,54.027055,3.8895|0.0000|0.0000,4.0000|0.0000|0.0000,572.011719
weight_int8.rknn,0.124497,0.031049,494.542969,11.564138,86.474239,26.480356,0.207028,4830.258893,0.634182,55.857778,3.0087|0.0000|0.0000,4.0000|0.0000|0.0000,572.09375
