model,params_m,flops_g,cpu_model_size_kb,rknn_model_size_kb,cpu_latency_ms,cpu_throughput,npu_latency_batch_ms,npu_latency_sample_ms,npu_throughput,npu_accuracy,speedup,npu_load_mean,npu_load_max,memory_baseline_mb,memory_peak_mb,memory_delta_mb
weight_fp32.rknn,0.124497,0.031049,494.542969,909.101562,13.387308,74.697618,3.20128,0.20008,4998.000272,0.66,66.909768,34.9073|0.0000|0.0000,43.0000|0.0000|0.0000,488.800781,496.398438,7.597656
weight_fp16.rknn,,,,909.101562,,,3.109075,0.194317,5146.225078,0.66,,35.7556|0.0000|0.0000,43.0000|0.0000|0.0000,488.800781,578.496094,89.695312
weight_int8.rknn,0.123782,0.031048,491.75,735.376953,13.081878,76.441623,2.470409,0.154401,6476.659077,0.657455,84.726865,31.0095|0.0000|0.0000,42.0000|0.0000|0.0000,488.800781,575.0625,86.261719
