dataset,variant,n,overall_mean,overall_std,overall_mean_pm_std,low_snr_mean,low_snr_std,low_snr_mean_pm_std,high_snr_mean,high_snr_std,high_snr_mean_pm_std,params,flops
2016.10a,conv_k3,5,0.63045,0.0024349703444831437,63.04 ± 0.24,0.39095041322314045,0.0035863626603208345,39.10 ± 0.36,0.9211636363636364,0.003380577729490034,92.12 ± 0.34,118735,29524352
2016.10b,conv_k3,5,0.6808833333333333,0.003203910642133691,68.09 ± 0.32,0.47144696969696964,0.005723771877767653,47.14 ± 0.57,0.9356300000000001,0.00027497474631519583,93.56 ± 0.03,118670,29524224
2016.10a,conv_k31,5,0.6336136363636363,0.0035825924982147506,63.36 ± 0.36,0.3919338842975206,0.003992834747615722,39.19 ± 0.40,0.9268454545454545,0.00394991892374166,92.68 ± 0.39,120527,29983104
2016.10a,full_k31,5,0.6318136363636363,0.0022373034795271207,63.18 ± 0.22,0.3910826446280991,0.002274304486536443,39.11 ± 0.23,0.9236181818181819,0.004450322673787431,92.36 ± 0.45,128467,32019840
2016.10b,conv_k31,5,0.6517975,0.0005785338269184402,65.18 ± 0.06,0.41821515151515143,0.0011369771071348558,41.82 ± 0.11,0.93581,0.0004077121124845948,93.58 ± 0.04,120462,29982976
2016.10b,full_k31,5,0.6551241666666666,0.0013430485895487671,65.51 ± 0.13,0.4227833333333333,0.002157060448762221,42.28 ± 0.22,0.9375416666666666,0.0005007633062525803,93.75 ± 0.05,128402,32019712
