dataset,IQFormer,IQFormerLite,IQFormerLite_minus_IQFormer,IQFormerLite_minus_IQFormer_pp
2016.10a,0.635990909090909,0.6318136363636364,-0.004177272727272641,-0.41772727272726407
2016.10b,0.6541966666666668,0.6551241666666666,0.000927499999999859,0.0927499999999859
