model,params_m,flops_g,cpu_model_size_kb,rknn_model_size_kb,cpu_latency_ms,cpu_throughput,npu_latency_batch_ms,npu_latency_sample_ms,npu_throughput,npu_accuracy,speedup,npu_load_mean,npu_load_max,memory_baseline_mb,memory_peak_mb,memory_delta_mb
IQFormer_fp32.rknn,0.355049,0.077484,1392.933594,4261.386719,43.177905,23.159994,37.099062,2.318691,431.27775,0.615273,18.62167,,,1525.460938,1538.070312,12.609375
IQFormer_fp16.rknn,,,,4261.386719,,,36.933879,2.308367,433.206591,0.615273,,,,2004.421875,2004.421875,0.0
IQFormer_int8.rknn,,,,4046.924805,,,37.135514,2.32097,430.854413,0.536364,,,,2005.398438,2005.65625,0.257812
