model,params_m,flops_g,cpu_model_size_kb,rknn_model_size_kb,cpu_latency_ms,cpu_throughput,npu_latency_batch_ms,npu_latency_sample_ms,npu_throughput,npu_accuracy,speedup,npu_load_mean,npu_load_max,memory_baseline_mb,memory_peak_mb,memory_delta_mb
IQFormer_fp32.rknn,0.355049,0.077484,1392.933594,4261.386719,43.974012,22.740704,35.326812,2.207926,452.913779,0.615273,19.916436,,,1525.429688,1537.988281,12.558594
IQFormer_fp16.rknn,,,,4261.386719,,,37.227422,2.326714,429.790709,0.615273,,,,2004.425781,2004.425781,0.0
IQFormer_int8.rknn,,,,4046.924805,,,37.465655,2.341603,427.057796,0.536364,,,,2005.390625,2012.167969,6.777344
