model,params_m,flops_g,cpu_model_size_kb,rknn_model_size_kb,cpu_latency_ms,cpu_throughput,npu_latency_batch_ms,npu_latency_sample_ms,npu_throughput,npu_accuracy,speedup,npu_load_mean,npu_load_max,memory_baseline_mb,memory_peak_mb,memory_delta_mb
IQFormer_fp32.rknn,,,,4261.386719,,,36.761602,2.2976,435.236741,0.620364,,78.4607|0.0000|0.0000,84.0000|0.0000|0.0000,1655.710938,1668.066406,12.355469
IQFormer_fp16.rknn,,,,4261.386719,,,36.709754,2.29436,435.851459,0.620364,,79.3978|0.0000|0.0000,86.0000|0.0000|0.0000,1661.804688,1661.804688,0.0
IQFormer_int8.rknn,,,,4046.924805,,,37.114556,2.31966,431.097704,0.543273,,79.4149|0.0000|0.0000,86.0000|0.0000|0.0000,1661.898438,1661.898438,0.0
